dataset,model,accuracy,f1,auc
Adult,LogisticRegression,0.855980346998311,0.6745315752949341,0.909838452570108
Adult,RandomForest,0.8536772608628896,0.6739651043448511,0.903496497183302
