dataset,round,agent,features_added,accuracy,f1,auc
Adult,2,Transformation+Interaction,54,0.8608935974205435,0.6875862068965517,0.9192341522048657
Adult,2,Transformation+Interaction,54,0.8608935974205435,0.6875862068965517,0.9192341522048657
