dataset,round,agent,features_added,accuracy,f1,auc
Adult,1,TransformationAgent,24,0.8622754491017964,0.6886497743838945,0.9192131301458906
